Potencia_Nominal_kW,Horas_Operacion,Carga_Trabajo_Porc,Temperatura_Ambiente_C,Dias_Ultimo_Mantenimiento,Consumo_Energia_kWh
57.450712295168486,10.798710873172004,64.87232587538428,15.460962210613046,51,471.41761828206967
47.92603548243223,9.849267365825538,72.83221993926723,20.69807494610249,266,282.5458234840719
59.715328071510385,8.119260739840348,63.11370118500058,22.931972332891778,120,356.6120338333864
72.84544784612038,6.706126444588852,70.38057705541439,34.43843828670095,200,305.0291648479287
46.48769937914996,9.39644662722718,46.59577999569321,27.78276562266879,248,310.2008075003838
46.487945645762295,8.7869707708435,78.19940561059408,18.322592154500544,70,317.6997003084224
73.68819223261087,9.790386440055464,75.01808213043337,27.430181447088184,341,450.0286839512519
61.51152093729363,9.270343603363939,62.74367053397714,17.26348005530817,57,299.07287802015617
42.95788421097572,10.09910543063867,84.88868502648607,30.413455269435367,39,354.3508378786897
58.13840065378947,6.929529576878864,89.06355206439838,22.64437674091061,289,386.01167445530575
43.04873460781307,10.634788131268651,50.88660203446538,24.531819056304144,18,289.4818877776832
43.01405369644615,8.3951992093848,63.55912832150679,31.62898323771095,220,243.034302145546
53.629434073490515,12.150521745250531,63.46286475319053,18.56418215707875,313,379.4943334294121
21.300796330133032,6.621624363820864,60.90145348336703,18.014409074435044,244,271.9151138763911
24.126232512304508,11.4719276063305,87.44212262897622,22.082003368269977,352,351.14376845566176
41.56568706138541,8.395821566925296,72.09260791840795,30.191894255096585,304,338.9507049061385
34.80753319498364,6.697163992771103,71.03227738034084,17.403269622615788,298,286.01405094161976
54.71370998892911,7.032228331891357,44.9420645338987,10.839222009447155,283,323.93894383151337
36.37963886718184,7.3593053836113596,84.53127045313839,22.744205707955008,74,322.76229550550744
28.815444479970626,8.848331892803833,56.41112407719791,27.7587039995546,110,234.2861475122559
71.98473153382331,9.045670976071,75.89898945399493,31.001308748694147,180,351.48992829885145
46.61335549270196,6.852599992122842,79.16065406937288,22.684193189573005,32,327.07650237062654
51.012923070318855,7.951290815478035,95.40987893757976,22.942866964419988,234,358.6832596840191
28.628777206798148,12.284540717223727,55.367694013213324,30.769503671278734,282,340.781820885133
41.834259132122256,11.455086340201422,30.0,15.651291501522897,25,301.6432048938512
51.663838845647994,8.872647339348065,77.75774317130542,23.057396124084953,331,312.8201960183153
32.73509633866546,8.0760069563364,100.0,25.95211944962529,279,352.0102944248859
55.63547027518508,8.240062653436523,93.58419529409156,27.24609360642517,226,380.3953386724708
40.99041965121793,9.227035945460834,78.14489122911938,22.450966534045588,57,304.1488103078337
45.62459375310085,5.954414869603189,67.62545721551929,25.172205058529208,180,281.29502498494196
40.97440081655905,7.48524692515331,87.10683894955966,12.558363232935053,232,359.218442471756
77.78417276763406,4.662831852244821,60.39680700443297,21.70875793833076,343,302.56470418234926
49.79754162893099,8.798446245210558,82.14536654034329,27.26754356277234,287,379.24529593977087
34.13433606566149,9.294391879405483,82.5820523874994,20.088529828726603,64,375.9775317395102
62.338173681547836,7.033627075401252,90.90314861248319,25.294921107947985,232,434.4619325467233
31.687345250434667,11.147973526580065,100.0,27.23436250401349,289,374.3246478349715
53.132953925071334,5.548468673995318,80.88623950768151,23.287253995711175,213,421.09919867479283
20.604948141803366,5.07125023958036,67.36554561438751,25.852318854982855,258,216.45530858575248
30.077209266523543,8.448903637119944,74.61638531712008,20.186337173576938,18,304.50049032623787
52.952918538036855,10.094196605224308,48.46386142666323,23.966943601519766,175,341.7633696469142
61.07699869993115,11.367855382915737,64.57930303366413,28.051080847946114,229,422.1035122757949
52.57052421784956,7.0822314742621195,68.86076342830344,25.784864804842172,226,245.00486828221455
48.265275764176394,10.157361666862592,67.13867403098111,22.067343652180323,84,350.29731500959605
45.48344456616067,7.922983060998585,77.28532308050583,26.121082021453965,291,290.52330030158305
27.822170144488588,7.654745400118361,62.66370101426699,28.57304895318309,246,266.9315150365052
39.20233687407937,9.767319874973344,91.81546000986707,14.75029360711261,110,411.8576394342191
43.09041843560319,9.30464575682684,75.00310597377296,30.79537032477949,254,383.67124857626675
65.85683339328374,4.847215686031501,74.86049518292079,23.31872630659464,88,339.30197875255914
55.15427434352692,10.953080699451792,70.08157925230623,27.12744966620115,72,439.0822329643288
23.55439766955899,10.760182708294902,77.32786025788468,30.98623461822614,30,312.3754234474442
54.86125954092192,6.748874596980941,87.37647397001452,18.14163151384767,172,425.7327824349391
44.22376579375525,8.791607066874818,61.9930467643365,21.452794987862266,309,320.9125793313032
39.84616999541062,8.988060372565478,65.12825266387115,23.557256520621475,343,387.92886441882075
59.175144332613016,8.521347531647814,70.44410956835003,21.081232394377857,177,286.56997062824274
65.46499283743927,6.8993896923091595,54.811936147901775,33.67468287918404,139,230.19832394951072
63.96920178674298,6.656753264123897,62.71113210417754,20.716139530866037,194,424.4762951700298
37.41173715166042,7.9488918580171095,67.85668689683011,22.222266102565666,186,275.88984511930727
45.36181436223178,10.345458038518728,88.11583771069091,26.021945158014884,218,340.8729739720791
54.96895147105346,9.087200309188864,78.93841993502888,18.989252369619557,164,340.5483337846752
64.63317690683539,7.258771335827788,77.90384867051317,23.02159644121868,161,424.1026845625874
42.81238643232065,9.543397421296689,87.76346943251959,26.587266306250875,13,317.9448131464782
47.215115350042744,2.302914758739849,72.93942317400905,23.335697978087445,296,267.74609364010144
33.40497538990958,10.297531400744207,80.85697274893334,24.53306570550026,89,345.51643438464544
32.05690063878994,4.5205724424438,73.45167370601256,22.353339437758144,324,319.06018365659537
62.18788733591297,7.275118117193736,78.98043524099442,17.427648454096165,42,365.82680417892493
70.34360042856234,5.760660210747712,66.25862013582626,26.607966056696192,210,342.07897380754827
48.91984817629499,5.410637048558188,38.41774262585356,33.774665358236206,229,148.03682325815936
65.05299346838036,10.32165357475704,72.98581256720544,25.09200815391719,350,476.6886785566603
55.424540375714514,7.064597597376217,96.3412220414991,26.126320586237746,275,355.1066526289335
40.323203680923136,8.69300776346143,88.89323103362389,28.463613775584296,279,338.8486781407623
55.42093408262621,7.906158842241632,89.48096226886756,18.653347517266504,251,469.3325894748183
73.07054849698955,8.954081654446243,93.54196082709326,33.51257329064803,310,351.8592023569287
49.46260941335073,8.153643782120511,76.32986386442155,26.01164398211401,208,419.42426487066314
73.4696548372101,5.434015551622861,77.95973561108393,33.15928449544555,321,294.81269680097694
10.703823438653835,9.99253363889428,65.73522156848475,21.334835022380055,140,329.5319188078158
62.32853756562836,7.012486833677375,70.25890715959426,34.09030961278913,280,271.7304781580725
51.30570602357257,4.886836202680498,84.23656724656712,28.875777470173915,34,262.97090088753964
45.51488974301199,7.143769678068175,93.05826655753225,27.765200429261792,309,358.8606807495097
51.37641164803254,11.00151958126862,72.908305864785,26.17012227176574,18,411.0812282481844
20.186466280986608,9.700443484226986,68.24716102722883,23.757356909627752,57,247.51209847301226
46.70492168243732,7.302695731184282,75.00791938284895,31.00265829236936,112,300.03928777865303
55.3566885726762,7.301484591363143,84.01810123393672,25.701799349240236,5,433.01863126964383
72.16841067112274,7.356729897565235,53.34217775799687,15.164651482064238,182,381.316263591968
42.22594672589529,12.153495967121682,40.55728570294143,19.414067691464986,13,313.18549800234507
37.87259595660218,8.763870904463106,66.74194725762625,24.070771239036265,339,268.44289869595536
42.47364434623195,8.86008329438214,56.689313611287616,26.549994915827774,285,381.4521581950001
63.731031765531114,10.060566908063684,67.37789703529033,24.71705755550052,259,285.0602346428698
54.93126664489527,8.477578318053027,72.78329521773793,31.094853948968314,90,333.99478301601397
42.05359694349442,7.481915708358594,68.2012738646548,15.244490679806876,104,271.4337845040194
57.699011496700344,7.607300301830043,96.78701301706118,25.717939682525802,186,452.6824594921099
51.456163240220604,7.856797481171872,79.90117146903481,15.910103873064227,250,368.96807038050974
64.52967485799334,7.925555526980316,79.50711539416243,28.79856147742084,255,358.57731815132723
39.469203591839715,9.45525908727396,84.33310716065102,24.527706427789987,76,506.1841067798117
45.085067801033475,8.103891771614599,57.917503233288464,27.09804986012059,108,269.2337425170917
44.118377703017636,9.46528015443116,90.58667681130403,20.68058519705117,156,478.29076183321934
28.04727577801822,7.838566839782835,73.8635357019681,31.397324658288756,82,272.7550837735163
54.44180415596864,8.15727038063218,85.05720925861819,30.208623320294258,77,349.84833571738346
53.91582908269834,4.003598630935785,58.92214150439767,27.917721515059437,258,387.60961122805236
50.07670184963691,9.832655349404963,51.693618509759034,24.352413765682797,127,309.517083127891
46.481192999372794,8.692976951795986,87.26834487037543,27.899286426475662,282,277.0718192635805
28.769438869243785,9.996020219719304,80.64614289146274,21.465537160063256,88,371.80597421011
43.69032015851961,2.2074892436126214,61.46922668463735,29.27777829510356,204,220.17864989951943
44.85928225209846,12.176749409561456,61.95505378087958,33.2474044716196,16,356.47910370735553
37.96584096167572,7.720820743689653,91.88152176622154,30.35305279989593,151,331.58096434577686
47.580714325009865,10.216365633475032,57.15882160699008,21.351987650962954,254,435.67363889359467
56.060762852218076,5.920188145748938,99.64009429883944,26.807086586365514,188,397.6887465161956
78.29278851815795,9.22554781012514,61.49068898028197,18.53429228120676,329,316.9249306091411
52.61866719247759,5.893168873652687,84.57587888412574,27.861951555878377,32,352.9529327270523
53.86325586084146,6.7524620786083895,70.07072286376523,27.253017064312694,271,266.12040790358645
48.883311263507494,11.828062707733572,84.04781146623515,15.65091830233918,5,426.36276987290205
21.21843177051438,7.6186351984733065,66.83828996828711,19.19108078043818,330,232.09530170742323
49.602291868261744,8.434865746359446,72.55810640891559,23.584305516281166,308,434.1713176952759
50.9034531491154,9.740135461377509,75.61378763093582,23.495701264295867,333,313.12777504752114
86.94863168727929,8.99136377594521,59.96718816327791,18.952615322905974,169,427.3913332479158
47.114585528283165,8.300837810287153,86.11236518130188,26.944893646760917,181,337.2963347237859
54.523210135004184,8.729922004932451,67.30179650292622,26.25736804470256,178,275.69486549493604
49.47932345442135,12.80683117047655,71.57100126989972,24.028654340107405,143,395.4258015508501
32.46982943570702,7.884762405932829,60.08475938087231,21.221042499208185,362,294.39335133129424
67.14234221772531,8.402198093429934,36.56499511807034,30.243535632082818,248,296.7662042385052
61.27899549030161,10.101308792015224,72.13458356099747,33.27703556544148,127,220.058683854228
61.865479205645705,10.211051865915968,100.0,22.582192580767316,263,365.61987404187175
36.35918817807892,10.374060611120761,86.76906431847036,21.939165414225897,40,436.37775672368326
71.04191466404149,9.27746044405837,74.71109430398408,27.456038327059982,355,311.2112019329946
28.972234058115788,5.713990174539033,71.05663756187599,23.209853101265068,255,284.22917116802637
58.80285640700406,11.266863064602191,75.3369883921807,24.30301399668383,143,327.93661528939856
82.85683438714968,5.707309213962624,83.20678672762816,28.698265758623357,240,400.75717500765904
35.14195512303968,8.605270930478067,57.28780777036732,15.453219562463536,228,357.2450786424629
41.50553405595842,6.491448299961284,91.71482542003308,31.591511624263347,341,344.823395359445
51.49477047631462,7.871723306814015,85.73071973161866,25.363402621646706,198,409.65846099858913
42.44786518825701,8.65752482060696,85.77278588561902,22.9425342771891,65,451.1600221731025
26.74004853400801,8.642714430900547,81.57713608214591,24.553829228892756,11,282.72629500718233
51.02844462209041,8.84384150847057,75.29424986540985,24.812146775102594,108,317.39954486578506
34.06544429410843,11.227422538117294,85.09291853950229,16.343993482775375,26,453.3034269682038
57.10388645952772,8.907068603027959,83.87721200612067,32.47469113726618,151,412.967854911888
36.20863648649295,7.511686729418702,69.68938933588464,25.20662816135309,221,263.87156853304015
73.24901607526309,9.928174336576715,66.39597340654649,27.215010652236877,341,315.50787906876496
38.251200614956446,10.37894097784928,76.5278444289298,29.757748852870215,237,295.13797850365114
45.16907725691487,5.544784369726015,98.23530227242782,19.894187712198498,237,282.5347527886953
62.202758260545046,9.194800139699716,56.41339386519149,27.367359495176142,219,257.00628892396554
31.53703525349067,9.402345484621797,52.9871210137134,23.661794545506034,151,225.35323386585497
53.41189901906194,7.404872993280016,77.47141261854775,29.23385387608247,123,320.9029183799595
69.60714131423643,10.75141362662324,75.76331552784028,14.363862898242523,144,446.00171639023773
25.88775148158159,7.699888825934947,77.60012496555612,24.504528498793654,189,326.7908214985717
52.769507877984566,8.251152906943085,78.6592979686275,21.98589672108019,255,328.59858399663807
53.89824191372635,7.65385635143226,71.65196618047793,27.161314753170778,68,314.7065586723117
61.72734307665966,8.031158095162935,97.34795157903123,27.350220936841012,104,407.8309106717214
31.445739336828773,5.807449826209597,50.98644032285227,21.46187052588987,336,160.9296484779027
30.193150803735854,5.119898234811411,62.57254462829631,21.43913067911978,159,315.88843237710563
57.829123484253465,11.189010126449944,73.45117859776428,24.446673157213354,309,432.0653881654817
54.45477009849779,6.306077303363344,50.35216783268749,20.516788863423958,362,242.91786537208122
53.75739275518815,6.0172153010873854,72.36218393351893,29.209918477260636,300,274.48104661147306
55.19672314245464,3.6932197727925704,99.92205248592028,23.15396399776277,90,429.77510666241835
39.79962917632264,6.722076504620995,75.31329732443943,10.465058903391792,357,330.79904719990236
53.48380545741505,5.353820413185003,78.46051358578025,23.12588971689097,256,351.6195426364417
54.39608709948022,11.284030320272738,56.097528522411295,19.80728089578014,353,333.79237851939115
39.28472872960448,10.01963417868527,65.75457887940783,16.843620922695273,220,422.417099296003
77.98661766717134,6.623699309644552,69.37205429514094,18.812866808887136,9,415.6264091733978
57.10749381367681,12.504871610688618,70.23427354865649,25.547042359164852,12,427.22016544317944
32.13044754196027,9.963530973983188,94.22465692505654,31.643204141241156,325,363.66600941584124
59.84830412950745,7.350337232982755,83.36536591087687,26.565922369324902,244,324.65310642148216
35.379774946590175,3.001188570252854,58.32813064594452,21.967483058921303,182,218.97340339141215
61.806269056136784,12.581885145181484,78.69757167648007,27.279520975853515,284,430.6471174394184
67.37893368511106,5.220855066472808,82.47332622745178,22.70454844890504,312,351.73059977226393
37.68976522472434,4.709202506086216,92.102235577819,21.526998154184277,99,280.9695992004452
64.45064193866483,10.045140864019281,98.70811029852561,19.228186658835078,197,537.3142533999751
56.191713904047475,12.879504812678546,59.77358712258197,16.240855966241405,226,436.7108186941514
62.33090239991735,10.768545637021036,62.83713733184493,23.050381467202772,333,352.78625642441887
78.4518947398092,9.12781824010472,56.136332116280755,25.79026744960066,103,346.38283730452224
46.31917825995694,9.189508683330573,71.48970211339528,24.51688164992555,106,356.63640637675917
38.693957534637654,9.706831117560615,81.99537561669501,22.920165360263205,58,396.9155075880344
36.65728355561715,9.51785717957353,89.81001774883653,20.271269696516093,78,286.0206867537835
37.762845725518424,8.562382847938752,73.86073464536216,28.041230958424844,75,430.48335895740263
48.843474358788434,8.208402207903752,70.20228715117734,18.414340400267076,42,323.31657126042774
55.117279622249654,7.874813744200956,77.2763698837311,28.880139569217377,324,323.34109628575624
54.150361989950284,6.492070822266648,62.472856475549655,19.988914905366375,181,321.26856358154936
62.40774873554036,7.438649846266452,100.0,21.237823813234826,33,527.3271610607131
50.19502837816861,4.614086371609229,50.885084593229124,17.666074046921615,71,285.19916127870385
71.80301115735975,7.8033207464105,77.77110868343587,22.492989265571815,56,474.12633848798237
46.03014750143066,6.022817785698165,100.0,29.876562292389895,105,375.98008570501366
90.80253749884429,5.792821365568458,75.10199766839996,27.578140442219784,200,320.00735080379417
59.385010216475095,8.359788302306956,72.14941447497759,29.892110560140175,101,350.43326902245707
37.14263665375576,10.784004572689199,69.6383186578436,27.61071272966968,256,314.9730637484582
33.93661252908332,9.836633212004626,72.29412477356388,19.481650857348153,307,277.0110236435431
57.23708622864778,4.8589987927536455,95.59272712014796,23.346053878362213,74,392.5790483493296
46.64805822011223,6.020743726859325,41.8220713300574,21.099004354412685,171,261.03179168813114
60.71000741138138,9.881542375976432,98.00150551944489,31.6528745201952,143,430.9459076280676
57.09856436860317,6.035025212923381,53.64064271324783,19.01605676786844,166,315.79885278494464
48.90756631014691,7.550733700005951,71.00021506148377,29.468488446945553,261,270.30850639670723
37.29809422897392,9.100104198049104,68.56133369552008,29.464769350543847,221,338.4932422778762
27.277291629712032,6.063311090272729,83.8282990465608,34.14810100858044,83,253.7414294019967
43.302275718994686,8.21075101229192,51.02813472174378,22.951567036852513,182,133.57896589517773
62.84598191485209,5.331949010163591,81.93258999122914,28.561610797900812,307,328.0014579603807
53.21140616195306,6.797264712097572,100.0,36.40825918269421,10,336.3612924541232
31.31391831932018,8.639563868285073,54.55238993110784,21.911791615331516,4,321.9424463978839
52.59771388776773,4.814012532936662,77.84559251415594,17.3247987623382,351,422.0970716993012
55.77976069593255,8.880949475920797,65.07026733305086,15.599949830461181,336,450.10680563522783
36.74213845698301,7.960724402146638,81.38830809289554,28.563560144306656,292,300.85024134872
52.305876589182915,9.104979908834295,75.28721666123629,15.58424895970708,281,330.4045418531659
50.87313077669,8.447828268129323,65.37769636433535,23.138404735310385,215,356.3623214649639
32.85544553254066,10.728280859947688,82.3180842730661,27.186565935194803,98,337.8311680455179
55.36681040522425,8.250449005295815,100.0,25.92587768414957,101,423.7658987256929
58.41176789552352,7.141188917749494,72.13644312409052,27.12722432092086,9,314.477716194856
66.24576864762915,8.244595006064568,85.79636913222274,26.11144927900427,61,408.0076142606597
65.80703078052355,9.086596058072775,55.60090563193255,31.394329066566968,309,261.5966232010035
29.334959480643633,8.09772014065141,60.65345434772987,20.238418096306013,146,356.6839658355945
35.93262440127316,8.081183382407765,82.08609416820566,21.615024307707344,63,324.7390013016461
57.7255290081299,6.59601662438649,97.26174042803947,21.13670277364588,121,431.1169590779495
57.706789263683135,6.674198164898104,80.3342002317849,29.150959059313053,226,267.1793246708604
57.72571529459072,5.194789456400613,70.30412954215268,29.501992941975317,105,345.6974405948062
100.0,11.499153486373878,74.98937108135031,27.25612659659254,260,385.38269377325173
58.56335766039751,5.512273529217429,56.243883990454236,30.917468334449637,349,267.3619751090556
67.03348460270898,6.614189604408185,84.0677298953305,19.109795663118096,255,429.65824441685135
64.31002645239803,6.563185468861605,88.23499593485114,33.336120557755685,207,334.3593796358093
59.77086876958697,9.789848753888883,68.2186450075038,32.61619310856129,28,298.3851558452963
45.27096133039482,7.410100643415944,67.94936778360747,28.678109986228733,170,326.21247939507646
61.38453830739901,10.495484145347469,78.98817344478073,33.9089945438553,336,304.13194222324137
38.40762178193643,6.653018751512263,68.44920395939107,16.71688396161113,76,309.57709626211454
46.44772089889987,8.557988324447605,74.00801078061266,22.377759318686742,116,364.30734117277734
42.71954678256345,6.329305893480486,100.0,21.32348269659024,69,451.0357328242646
51.22811209079484,12.290298255546777,71.29461448881005,28.607396618786716,354,348.93985750289346
84.71987850010262,5.624803161940974,69.62489771968167,19.749296301989272,234,367.5726313952154
21.99102211112378,8.619641420454055,65.28687291547261,28.787475746687427,1,326.6699106432517
60.2939028556177,9.267553761864196,86.16287957249905,31.852680719983567,167,372.2027037207657
25.809261932155223,8.827598194902997,72.28163740172846,28.476014500419996,352,309.20161614110464
42.9210220131585,7.629424682244584,65.25940442517862,26.418755118307505,218,350.5650006407657
66.33425895451049,7.740358600533147,94.81956048409518,20.060633295496253,273,389.1753380053989
50.96420028643194,8.08762294395822,96.29404506770456,20.765745169373176,251,225.2628528008469
33.83382833106041,7.705995996743023,65.99364651391943,31.248094526483335,347,216.9573572331364
39.27044436110047,9.92775823358982,47.00190072959076,28.896745019526662,344,318.0309158199156
60.19396623402014,12.421046003182703,90.11270534755383,24.80490240311228,174,427.7238737987454
39.04450052424295,6.885016429984333,64.73055261359994,22.91045227117055,170,280.6901499535011
53.246878843729625,5.260394040841844,86.85938398744153,14.870960634443115,246,421.81939440572694
50.68357759855721,7.82343590329749,45.44844273432247,19.645737906577807,90,298.65315136822744
40.22599478591275,13.159418675308636,88.38896007448963,34.55709543569861,49,282.01315248638116
82.15916133987989,6.392650864060538,56.83242106078828,18.597722144987667,294,266.87182328662163
59.50878533477017,11.278233610888135,85.96146178599787,25.947399106105404,150,428.5586414055614
19.622861200135894,11.355401628152881,75.21409601754651,30.03721986597599,132,313.26029343916133
52.796814721541416,6.892823516584011,60.690908709050326,18.725386659988537,59,406.6619386277484
40.07320302847418,9.137966158370551,68.8944553060983,25.923552373905416,324,268.94428542668834
62.78650002194336,11.256793246257075,85.29477685435052,29.689577687553275,199,379.39346504133727
38.11218892350949,7.241744518025026,76.58841679672851,25.06249660953625,215,268.34991867736176
48.278953377996515,7.592839279795276,83.76619470708727,39.34201527833384,49,293.4234575600979
57.57480918470686,6.836638172102712,100.0,16.65700370560902,232,313.4623893185792
62.98632791255182,5.970486538614266,51.53637582433423,30.293642649419397,247,248.89194775285404
31.995553894163358,6.701444909867986,99.25818862452937,24.135991313017676,239,341.12274006143554
44.98248146238578,5.552119466475487,76.5653390628482,28.859600774183377,168,292.4302505381956
42.87582033258566,8.068166936518452,61.51823927515308,27.20653575849623,48,415.58993432552097
40.200061511394324,6.460053537882716,55.04529561391515,21.334219014450017,51,384.06279068924795
76.48181360421646,8.467571823581496,72.1631941383445,26.1449819622967,299,324.3449074838843
56.07472566441433,4.888208707592746,88.82475167886689,15.710492743008563,98,278.01536596862724
31.086740684974323,8.661760464428914,73.08676319433698,28.016237502856967,216,295.31251190527576
63.767929205821645,9.667057923217849,97.66732395371021,26.49079232995263,177,435.81025086700447
81.8323429551895,4.012528714857089,53.23236464922662,28.19330084321551,80,260.23442468102013
65.4869789082672,8.748113139695144,74.81866578230918,30.290591625435752,185,311.92837475137725
27.2094505106898,10.455337984946585,56.214098333803214,26.838099201048554,27,380.2092031455879
42.73648890700623,5.580717962617589,80.45447823937452,25.740447098991382,195,297.7219496111949
69.00366723779933,11.345144773675408,88.3033108514595,20.59465831669354,214,469.9921046310784
39.38495801571829,8.83803801873209,68.6885730947842,21.438896181754746,342,266.30298996248024
56.657291422193424,6.589976288483182,35.936792150592986,30.933673100886654,114,242.2112420804083
61.61951080144005,7.8884618446845876,77.98422220194742,32.18167702852989,242,316.22038028558546
36.09604292632876,9.116653825043445,81.55107827600264,23.80944781843973,124,317.3157537964493
49.107119659073,8.152010782824822,81.06442132442547,25.230013736266372,305,395.38460933299416
10.0,9.077511984892737,93.53673287733231,20.47692812503117,76,280.8739507468478
34.63418537998565,6.158652813841267,58.93419480526427,30.863784226337224,311,249.2176844154725
46.2114777291026,8.338721648072156,85.20324158175674,28.32708411845889,312,315.67358110798733
31.283252270527257,5.17257100619004,92.88761268716962,34.70608718231875,196,307.9487763968679
74.48616955897452,7.7775478773026,48.32118623990225,20.608384614101304,351,298.6431201380705
28.54787933059051,6.19218471707042,79.79477738878465,23.109960504908916,44,360.4629925253795
43.39933269954524,6.528940114820466,67.43730253488492,26.157229612627862,186,247.70618651680115
51.96110865929137,10.472186350420875,73.77715990347531,28.232447688628852,343,395.59816281797544
71.61909933599173,10.182620241188538,80.21514725307505,23.92166181226184,246,398.38002575151637
28.46206773230841,9.218276241814355,67.69157153829671,20.635194547731498,84,260.0282969992489
67.4474562823244,5.815374470654842,64.86437881257582,29.407037644617855,207,340.6433466164742
50.1534959152938,7.367183100610396,75.51228626232037,28.605676812727907,151,315.5671297896191
35.27737023428074,10.426195399958367,58.69131091705796,20.418629497181374,156,238.81284638659935
56.93155211394906,8.28343382727981,58.712623066722216,31.77721400552748,16,331.8486747485271
52.98589543360205,12.63865907996339,85.19059924434755,30.85099354598302,165,444.023437564668
40.99674684261808,8.786635678788743,57.76808947262016,25.671482486238965,145,363.9899955563445
51.04703127485028,8.384098232980064,84.99468751363818,25.39798931188018,37,358.08934220372356
44.220296047073596,7.3817670715949975,81.93886939280927,27.770288855579537,333,321.1808897717272
51.70276017876872,8.267081809564564,49.11289906814105,20.69148464871871,45,320.90311969357026
59.9319601178157,7.695060327238912,64.83653021496517,25.15015739582041,206,401.46126327014946
73.79025224218029,9.416217353377181,92.91164104571058,14.2380822769541,62,427.73215803893527
31.432767517597263,9.913404633589169,60.28251703290478,29.38227822751468,356,246.36842438532602
81.995500619844,6.428021078984101,68.03393606535919,17.192533887790702,308,325.72771671446293
20.718683007162472,5.337534092884444,81.93091339877844,32.51709914214499,19,202.9063686550657
47.72322357446625,4.327589253793407,86.75085763923893,23.349399530167748,300,327.2036036402122
58.82475809726865,9.015982653825088,71.22691670933257,23.941665090344117,7,454.8907184206661
54.21487801602549,5.793266787652253,66.03734707962538,21.86133046957747,249,297.4214647253261
40.659507202691096,3.6942188140950343,96.33554792547761,23.55980563038962,117,290.6282968276167
46.87816624464087,8.777157209061928,100.0,32.092656725740184,68,390.85383639196345
42.604985980117505,12.985999034865582,89.68287076172693,12.560956717324602,34,488.00624962894494
41.15952864583683,7.987858176920214,76.27977213847537,31.384826930440937,194,299.3047813517567
62.744031455315366,9.676981548903283,62.8760141753861,26.69011740550854,325,400.74430540396133
55.35523228947571,8.16365871709513,62.54333390165152,18.964891760713922,55,313.24333341195006
39.60635607109019,7.8022206936177145,82.83771157898636,19.62343803475381,266,329.7883682709056
63.493998131498756,9.838152965975537,81.27597331333025,33.38196513604102,42,393.127973317689
54.60949281314914,7.419450911622698,96.02397889419645,20.272465600286345,297,403.7874969543759
62.1929317825844,8.534784628143806,84.75675138804209,19.233247447020204,231,396.21240900524623
59.44443262885419,8.643395612392027,52.45379547360273,30.686572711823647,10,250.0274817610787
37.56507483616892,6.6638190927139025,90.77921426584378,26.692764381429573,358,432.0665087791077
41.597284397045456,9.984084699073046,60.02909059028381,20.310372117318007,128,323.2653426626072
61.20940407684893,7.650080486609182,69.24043092071473,26.083124877023096,179,342.6597741209583
59.155553981501974,6.48850968101431,78.75300309377542,19.871236581798613,193,389.54877888320004
49.68647609053778,9.073019687140807,100.0,30.504106992113027,92,359.2223218983992
51.75991074963173,6.203064036417926,100.0,30.30685482436567,231,354.99626305906867
69.16497343682637,8.056362314738257,84.10084588704274,27.660030994109714,78,354.3731702117137
41.12642916746255,7.981762006711593,72.25205071919419,26.808305306235084,85,344.3639864117044
58.20646071755057,10.171791131663156,83.01758472720826,33.80594062433687,30,363.3438175465849
46.96711021349159,8.949396465759905,88.31483138810754,24.998431636941127,213,380.2149242084615
46.73478195159169,7.949946082509713,70.18998561664212,19.090629372895993,49,301.98284954280086
66.48165277980786,9.635532598400575,100.0,27.247369564161534,265,372.8898747609227
62.38124523482045,10.780415098034627,78.45106138787104,35.43023524768557,145,295.7304020224222
62.20264454000958,9.115620612703724,82.46614633637091,19.92620253407074,69,373.68735404127085
69.58218210731494,8.02070523968676,84.98886378081693,23.19268616653007,58,277.00378243497664
50.31505762449139,5.376327535299681,81.32379915921683,27.082230190507264,185,303.28175925225446
60.22929456942446,5.869772673849255,87.58410750704418,24.730475754971305,62,343.6064427436574
45.34599865109816,7.389550591290664,65.74120220179616,20.088482098113428,308,316.3770101800594
54.86249528732663,6.780975595681434,66.62547369080954,30.609289281152353,296,290.65696464768075
48.047854184484734,7.626057394029108,58.497686505424575,36.6002036100863,166,328.2811058216619
51.45493947489077,8.113299849794215,81.59251845930339,25.980657295119535,171,482.673981982232
58.9273553815537,9.059385508713461,86.6840475526817,20.47965855132,63,467.9909582684003
37.726689751497915,7.859002443881818,81.86659299227829,17.255197374732624,147,336.29227345766935
81.3858091352819,8.973003287652404,100.0,26.289879906105906,306,404.16956937563464
34.90973927750447,8.12894882962024,74.9160597175643,30.519386716581288,161,345.7612086156296
31.78717080818402,4.049066867292257,85.03112483388769,27.375838732476907,141,204.3389236269016
67.37166310250102,6.121329212362491,58.624486857910284,24.98798079540573,334,281.8956717988059
61.87494040944404,7.7118248885567695,69.19350446288398,22.053641741053468,97,347.0490964501484
59.36179725578233,5.580610514317785,85.43306636348666,19.53918183640955,221,390.7039624855366
59.4251826389642,9.199857459992408,87.73653166114715,29.17375663162441,43,421.9814592928305
49.81629840729628,11.061501664687395,70.59049578503726,29.568858106927927,292,297.88585448745766
36.54118442771252,10.437523703394634,73.92601122212899,17.271351066546334,108,350.2063498348748
51.137068372905894,7.573114258139584,52.231893799787855,32.94919489090342,266,280.20816080925545
39.842574327318324,10.981452273699905,69.64456198790086,27.870356104470005,95,302.31040709443
64.62679600126627,8.297334914404223,88.35574745279679,31.997973225728966,262,421.2370401130625
47.79413927746792,7.325828057763921,83.6280752415985,18.289361257574424,313,382.9963178763269
37.61754204811233,6.7731946729181205,82.50998582071814,18.170879222922807,71,362.6410711837597
45.1792123752051,7.395060627023743,75.7466053077144,24.255153451163515,219,344.59420500902934
56.193971814134365,7.223646362917543,75.10594737942264,27.51392213447597,21,325.25301885875433
41.54413170794038,8.340832444750976,65.09518290789829,33.98180411463482,92,259.9549043719315
37.666694066503524,8.32114796209973,85.48242630303803,28.530394569075657,127,317.64907881266566
53.65530817237868,8.006092040306829,81.31459416584084,23.786593615939832,80,395.311624758491
53.674498566630845,8.8738763394927,82.380282719892,19.86815396167054,312,379.7573638350783
42.39585236943305,10.381292549572683,67.1094773599863,31.150002863595752,238,289.73992719442623
42.93442541572516,9.899108270882648,42.69985620193133,20.176472871246425,182,334.0421017879204
53.480749060364545,5.030204063100193,91.45729067630543,33.14234277386161,25,329.3133961357671
28.27873487754014,2.8921577301960903,67.81743815987394,23.578076751967455,156,212.47478840265825
28.888043384351672,9.868639822478547,62.058363539353195,32.95291036308925,5,305.9935347556777
39.22333668121346,5.266242603169157,85.4021836787099,28.39465645029639,120,260.96635347890054
46.798292724322295,7.550469196214633,69.11981040121306,24.31502255278771,277,225.43549669590766
54.66361348397007,5.6597739478812805,90.89904576069932,22.403018140869367,18,377.62696802529524
72.13034325424329,4.396039124839961,84.25508924365046,23.2954606132696,198,324.6090130917125
62.86489434803029,9.082925456409576,85.25353984800716,27.141583461876188,57,382.30120776303454
47.60092205054859,9.518310320605293,54.51066433199199,25.385782481088583,93,268.31182159537155
49.71475688145967,6.846979198546562,93.179159780796,22.030942959656475,19,448.35402497540616
34.96205953043287,2.8179154157101802,78.91875796850785,24.17184294841184,353,224.06959334812439
49.72230296011415,6.907511103495034,69.46084291130695,25.39288514859575,193,292.0016269434077
45.670120416197925,8.783608010805093,77.15082701013377,14.35632952792594,237,389.2680895479993
54.84077840507134,5.0421768624517425,48.356471506525196,27.290840573943495,277,177.4926426072102
37.59153584671515,8.36671983955831,81.12979217221006,20.101393876415965,227,273.2824162183929
57.79019771361759,7.969380301654009,59.559427377268925,19.233337983971275,233,350.0455821742611
72.99108369503867,9.158582999202176,54.70994571234698,16.56327826444645,40,361.05513064282593
48.36859777314714,8.239160736828307,52.16461220673163,16.03053751066055,323,260.3073605647776
56.02567583148412,6.053862118236889,91.69032562484888,18.222762484438555,153,414.65815737334316
60.352159875666686,10.393143003328984,65.56104909460817,21.45489521184755,127,334.42099944506396
43.98169292171246,7.68294085394606,98.00591564874749,34.76629568763284,237,323.5892771791795
53.36138722715625,7.945390920980136,66.96297805421554,22.37060162052398,55,302.5036178987692
50.18888601172692,6.133464081853608,49.3896306361058,25.888750531340158,172,282.20283882680883
51.465141478232475,7.11343549761698,58.25213340077011,27.002406932531642,109,366.03292283330256
38.404853242168,6.230394571946198,93.53717430010408,25.655325931079243,354,228.06759992307872
50.36765261388414,7.654107880153154,72.66152733095,24.612782696370033,184,337.31014873268
57.46997436868175,11.423416960284687,66.77569055264098,19.023531182003776,198,426.4493408094577
71.76715411692562,5.256197714137287,77.40027338779181,32.25463774139606,87,314.9754545028681
64.3890623912781,4.772877204246518,82.52674104251318,34.03598321818943,201,257.10577934504613
82.29773686267335,10.942340654987216,91.76098223853691,16.58670652938657,337,480.4800330891665
38.489786556679256,7.581352645696268,96.7274884483939,19.8798570455681,322,411.74628722092007
63.08480955081017,6.661854522680167,69.60347031316371,23.60094828811497,275,373.17596419727283
52.75013008607527,10.079809374792152,55.10928470876942,20.177311025449043,211,353.30539211396746
82.8470439982651,6.788768920526271,68.79802258315085,27.529827767279325,118,366.7605039475562
37.87552571967273,11.652019427093872,78.9042075987433,21.358638987966934,191,329.5153533148185
37.40417236728836,9.355851742678539,60.54361610684084,35.825280339033014,42,328.83841469149763
41.009110318339665,7.024177183708595,60.642736276574354,30.95274297171798,42,322.9805216202156
18.141564135352898,12.314616426531007,80.15681822324828,26.062870153161075,315,270.58062052258936
42.113674674788584,6.788570153993323,74.27021472644323,30.13493131659866,276,306.3158354475311
38.61301007669453,9.484190744018614,75.4919549311738,30.529502121786543,329,338.3980198282051
52.25590679714311,8.598585160812984,63.62256997949896,22.180262559708783,17,393.97975268749144
55.12633963665739,10.603482578797596,71.54398928691349,20.918913777290175,283,363.5060915285575
78.14256258823829,11.123022393453706,61.136502835975435,25.390715314848237,258,332.36654883699345
64.25635757279075,8.064008298131533,88.3529761668718,29.308180622489722,63,360.90022081357364
41.346445165063955,6.493164259307633,90.52874002085629,25.695301993267087,62,300.8603914797855
36.52377992977463,8.919944285878232,47.307182066428595,17.115017589045014,100,301.2013908634173
57.37878757259759,6.644569260495787,61.05733709711385,20.985877780245787,19,323.92664498891014
30.196501894690368,12.026774495053246,52.55206117364881,24.63013568202811,17,428.82803413221666
77.47188148781531,8.273070662165475,65.24964098389653,24.62167197837085,325,394.3066520079648
67.69160181081931,7.269356897375783,73.74843045314459,34.86271088394904,246,367.51710328888373
42.962365218429426,8.369360611729817,53.255321704522046,18.07006028800501,251,325.40524103135783
24.302982063636836,5.305747420940607,61.1721028031203,27.527946209179373,81,229.30643195013792
70.3080856124812,6.056771922978697,59.94063941877752,32.44556554164145,39,297.4049319202358
48.28190232121073,10.400827815888851,78.10900994098417,36.35724872711398,36,337.2839403504999
68.56724467960193,6.686211442057209,76.04016505554375,22.978012884080194,197,369.07093653387864
26.083585118084493,5.90617803463612,64.1739366999412,27.457147263600998,158,274.32208014373975
41.00937465569341,9.073305505054572,77.65231308209097,27.848801785993235,204,330.14076922431417
50.07865549577275,10.371408309325993,66.79979873119102,25.977408657766453,196,326.86951395884506
50.70470890647113,9.437906621330134,70.9251733451092,24.50577399380347,216,313.9633727574167
43.249017927811344,9.992095371611633,100.0,27.17987694750023,285,311.62241187616996
59.34274898521248,6.486409822861079,95.10691577685522,12.338769573901573,196,478.1447027907677
33.98569355926108,5.1563786665163125,55.506281446086035,28.410347450313157,307,334.4003259585581
47.8643077246806,11.002667303910973,87.44598626818762,25.630889518309836,152,451.0892776539889
51.804434475678484,7.354640322315729,87.17094831737388,23.887625516108674,14,316.0787937265595
57.71658251088124,7.498333967089906,57.776050668710724,35.23431097859779,325,304.75821032089357
60.674223171333345,10.656388283698115,87.2816646563229,21.625329906047238,146,470.351372269526
33.13036862243196,9.11246001880132,98.06897877618829,22.984620054674846,57,368.63236557894527
26.988287438965667,8.911775544163214,58.16182790633379,34.95776651102367,211,270.8969048616286
69.16515232847763,12.330004689802168,61.237457684786044,20.839693475750718,268,363.8884587069271
54.98471017969388,6.7129635392397144,90.26492200265254,22.249423585317306,210,445.3347236519781
38.7727019516517,9.855680256162474,79.07242966238472,24.26487288284575,17,385.1346422761002
73.26727963283784,8.114026249794168,83.27214412859286,29.203672410647748,286,322.0166784038884
51.73511951439288,8.537184557726514,80.10883824600745,26.039012536766567,344,370.6655686310366
67.6894577609574,11.056936852825064,80.86043881392216,18.536873264238686,203,477.3528466793273
51.01277722115164,9.015671512579248,55.102918075333754,22.33915718436405,99,336.37082811188907
80.91121887322981,9.076592158099267,90.70976559932173,21.963227833938944,279,450.23468217482747
76.33011263664807,10.145014674619604,92.54384988641661,24.613894773884773,209,429.3036596909071
46.2655377728139,7.270094540914229,71.55913883897958,27.129218293149144,129,260.7158522095632
64.57356426431534,6.321580665321987,74.34784575279207,27.09102877943986,335,312.9120702959321
59.680639243777215,5.910381611957932,52.03338746166417,16.11994122975799,288,328.18370786747744
70.52947336298523,4.067286821247997,82.71382134026753,30.319704937804282,252,315.8342627249181
35.52614809129843,12.112414259880644,83.58086162571216,26.262844229983116,265,402.82482663420865
60.29077189997659,5.793583268556634,74.06713474501034,31.92266023796953,271,280.5292012517641
65.87636730274382,7.557492752828456,91.86530039805754,27.22099163645336,188,367.82756299661395
23.618907703653285,7.446373400222159,69.98884153530089,30.50661478867881,214,305.0059341619621
32.25112231001337,8.614813395618201,83.469088888404,27.332726557250634,283,328.7574413664104
19.411517333598493,9.631474425078594,59.705034919618264,31.73112878101374,211,234.46262468959938
45.95889748333163,9.72094697671949,74.64671773688643,27.611253180088895,76,403.1977607261298
60.76313383693943,6.833845122862123,72.38468613145746,24.51042376778548,148,307.98446704606243
72.53535578144042,7.665756572427177,78.37961883061412,36.36217360223441,321,291.1858683000899
51.111421706296625,8.5651599009766,69.45709606749962,29.44518561139946,213,176.6249263168081
74.42923318356938,7.502617747632906,73.02791106492498,27.868722105022066,109,337.0212556375945
29.29847812677663,11.214691152039986,87.3907075716226,18.61847791730832,129,454.0564440479992
24.44926340967268,8.981949903276503,68.44853644142674,18.55846191268231,10,229.60044698345865
49.16678451655072,9.469755572099634,50.90134348891981,26.463577410709267,47,265.06368023007343
55.76098173408961,9.325762537334825,100.0,25.727605988841205,315,416.66970780246754
49.509578778588605,10.34694771497065,95.72181118035729,21.929387174958418,96,308.04596745879235
18.98836849940185,8.362043117407413,55.616059573415725,25.7049134980603,103,236.88543190033926
48.66319940730818,5.406336104088307,85.34561707867792,32.94313464021798,342,348.2631511690846
30.432957492427203,8.799375903505283,67.45537844172985,28.477012372751492,146,397.17420513134823
60.04508823245058,6.697286212416342,78.9523082299659,19.294957451236307,27,395.37256686241375
55.498973691452726,6.942766636500487,79.4133619352024,24.442455864285282,220,296.35213226767706
35.90180320508967,9.172728037510186,71.48388299525517,20.975167595737197,18,302.315811453621
42.2919962399496,10.476566142867272,63.24351501620406,23.061500417957195,167,342.55158303367887
34.11179717166573,8.042543153472124,64.64188421525611,22.931921671851786,82,324.4292967654317
49.059813540902425,8.617666025197927,61.257121267781365,22.611772086979975,72,426.6417448408682
64.32713480751858,11.404429889270476,62.522666876543326,18.724323140133023,310,423.44760806353037
35.21410930496684,8.481506358977137,73.99232564925967,24.36172659240905,254,317.8410234629384
57.560697732767665,13.203366228360789,64.26360016333872,22.19696181576345,162,373.85066109917557
42.04613572441339,9.131019291263089,85.2307809856893,10.35275654998866,327,538.318274285774
38.10690751606484,4.478474481688364,97.30869233003891,35.26486012250832,38,344.7976503833285
48.394544600681634,9.506683242209064,66.29920137944936,30.44384827108336,201,281.8879215898844
34.47136516370939,8.762316769765555,78.59106750803066,23.11849637537502,200,322.42571515358196
41.69526041979227,10.579505508165491,82.495276654544,25.094095248702992,255,315.17347627416734
32.03183161116728,9.346362702539917,82.08003406378911,19.14172826341219,179,236.6187814869723
79.47087699374583,7.723088032032452,76.13932901874131,33.47861438905433,35,386.912560241629
50.52895327957593,5.551403527421268,86.14023627539584,34.486443473865556,82,407.55131815063726
39.50411738011122,7.58195348542795,82.23373429020985,25.783468641232623,220,245.16491346880298
53.20969866101333,6.2989590915814,56.43506366509053,30.117653220926723,158,278.78443636868576
48.31507925463755,6.838953100390555,88.03734096583909,25.87643389466962,4,330.06229117665134
46.685456007001655,9.17715680884122,88.30936255900113,18.316372805620347,167,419.34448507854853
59.21250050065138,11.339809008702812,63.550708437321276,22.940883155181712,204,357.97910041087437
61.36261565070958,8.789343059645962,75.56906753171403,25.659639833859785,194,293.19383691349265
42.04248278584209,5.608233875929631,85.24993489216604,22.72726140628278,235,275.4089628060564
41.3627263903298,8.88920533644028,71.86029270630958,23.90673361282482,206,287.3215009248318
45.874224542725344,10.393262973291302,91.09467071649019,24.54300221245443,150,460.0202117419785
15.471182528966224,6.780434191361236,100.0,24.595607510672693,159,392.48725702155116
27.272134067021717,7.7319656666541645,63.210209510475266,25.261292452487417,279,251.89700507492765
70.50311401166786,8.029376389458394,54.28433095269338,19.696974668016995,304,393.01634448598884
74.67451570251926,6.4302033738355195,79.55727893407314,21.41491925436032,166,372.42441542739067
46.264459406654325,9.296560867687718,85.82343757689215,18.577078671500153,311,357.34479900363317
58.648354445836496,7.758103702784437,71.53700439232847,29.889077748431003,68,341.51623626352176
54.66875231815304,8.839064887814056,96.79890994981551,14.471765290798377,88,452.5175653137878
96.18321212682856,6.2250156443958,54.92091300415127,30.767951716584626,217,301.09070584949944
66.79362367151865,7.125083399353179,85.39377934547417,31.931746986314216,1,373.9268743419266
48.0812361277885,9.444762715655543,65.9120876886166,23.48909706508689,135,380.29249081253687
35.666893390993614,7.254333695816466,100.0,11.984314560863506,185,404.5677153223669
25.90330519613641,11.45392770246681,100.0,23.193447190163546,351,377.3530383545981
53.051954538008346,7.200727628770795,63.500151183249784,24.679079193555904,140,341.7572835945921
38.654738820735446,8.449369451503772,66.7566429613713,19.947008900355435,106,365.38336501074764
28.666194356034886,9.86518166374618,87.89381830469702,22.423908030958785,133,360.2362297573857
40.301406736362104,5.163268534133937,69.19304025315728,32.65097599431676,108,244.50889511533933
33.77677994578407,4.478382376038448,74.31883173101643,28.324635811508706,178,277.2729148802791
75.30712452608847,4.94868737085981,75.38082630813615,20.3771794281095,298,269.07948833850963
63.224596354241754,10.525168206854364,46.204902657035156,17.01200415202284,358,321.6462696827153
49.88041038025074,6.8962837082151065,74.79243380858644,23.364913411951143,359,190.2955846181336
72.19916208335039,13.116398571336504,64.6540833890374,23.93271610324781,146,325.0831581348969
51.16052461471428,6.871504802685223,67.60315766400342,27.480995936816583,74,226.0098699956452
37.08073698007605,8.369102606394074,96.65448005203221,22.323416437161704,108,433.7184294492866
72.84686115904486,11.08421990513575,56.152396585811154,27.557497876809308,122,364.7438811295854
58.08365065526988,12.012185776318246,87.19807780121965,34.675770200301145,17,339.31372758680646
34.441307685103155,12.123007153272795,70.81555604502287,29.077505112221314,196,358.7439319860323
47.14491982874588,10.416732461186285,70.80359747256249,24.759557463346137,327,385.4459508783941
36.86572619922865,10.048125051622925,86.85557844077567,24.084247644733527,318,377.3625315697917
29.25800403553496,9.185053898402366,80.10076941853336,23.216634329100643,297,313.65367446246165
63.892663212974625,9.556722152333275,83.55919495829296,30.903204562260722,252,378.7393234935668
78.64124960705196,6.897628567342933,89.52276990799291,21.863432770243485,119,460.06822824639926
29.02148639271288,6.363602233155386,70.03037425225016,25.22611354499991,162,258.388367906991
58.444538550358565,7.993251085178096,65.81644898238375,25.255989509405428,198,331.6575942767613
40.2403614631726,7.659630754950143,58.72274210163303,22.49107903594234,45,296.0694446093778
42.69311924352956,7.093543901345449,62.61884205031567,18.137672260579496,314,220.2289925650174
41.11409113641696,9.39277489491343,100.0,26.61487251808834,179,430.1826771317098
37.04013845480276,9.910610417141022,93.67019371105181,24.694980140723082,44,492.88535210324926
50.72782441917241,8.176813772583694,54.733884506879676,27.50120234718285,271,240.53430526474682
37.535748253834434,10.955060162110524,55.16313064884645,22.331998467804166,78,376.0185016404522
54.056852386697585,5.71662177173299,82.22799092577738,31.10410649406524,326,261.19546967865523
49.246428358262946,7.612681081440564,83.2089719606695,20.616131093940776,178,369.90539474516993
46.41577929700385,6.56635535879439,83.23325752976046,33.56020142008946,357,367.27374702219106
36.386545069376034,4.26692676585388,71.17566309669454,16.261817450858693,3,290.9930098338103
41.34843004147501,7.834638628314601,73.1181860999565,27.173850322784457,214,309.44953185732453
61.33086838738634,7.756504983233433,79.91819286239036,27.377153412633117,342,249.49112807489135
57.51375781436571,11.026899486484261,76.28839509439996,21.02221466029559,74,371.93956059699275
35.33667132802174,9.261623369109556,41.71049440878697,27.12196968930506,51,173.76270433275164
51.489984581438385,5.95162635134159,71.55300554137209,31.397593348800793,67,326.92337741566513
61.27080685057683,11.708185132668376,62.2289034860953,13.915905803229677,332,426.58002911262946
24.958920783179423,10.442067391050706,77.62817128362768,27.51372403745407,93,320.69248121162906
58.15040288569902,9.164195406937232,100.0,12.533645898349612,176,464.4609690657116
40.060643615812296,7.547031802300336,80.51222498211456,20.17167598238396,145,331.78418270127673
58.55898002889739,6.081121526553041,70.29705470741403,33.145831824504725,7,352.63356754391225
38.55111265186225,7.255586447857894,88.82702252965878,22.09108983303973,269,347.83640577283063
22.926768490032213,10.177497239408371,82.24031830813819,19.130600177955138,322,238.27079342136506
25.586863431752562,11.769172611869218,81.30141735677762,24.010311355076592,4,419.7429628192875
50.72127419992073,11.086487056544378,84.10275889823507,35.339531690817765,138,342.356564860184
53.89583752582223,7.022301156427452,100.0,15.84158876396987,231,343.42302800067796
36.43525062343387,5.760765133421978,58.03667347011127,19.743450441803276,88,264.85682426698315
59.57888688166061,8.281772493822407,82.10448115217181,32.48715841589813,17,268.6300598900423
25.0771990659656,4.463121268874296,61.10428305027692,34.288511717688664,52,160.39557667322708
49.00880302029025,8.646335428369563,83.33268969513372,24.48284387854858,134,373.4408870745222
31.83475700356315,7.7047948274026625,61.21970232770858,18.80473648736679,211,307.5608632897164
40.222458382967616,7.067926996263515,68.73949779592374,35.479217509045796,325,271.37624231455504
50.71098006974621,4.810593865466409,70.5736512864314,32.97221195874599,219,271.16356884408316
37.09379952074072,9.027200213139434,89.63725079017064,28.394734938811165,205,311.35974200281254
44.23166683655262,6.934598320676177,88.7768166591362,20.9379882553129,211,353.1101950408961
65.0943921382166,5.6601663285794235,56.31423935330423,24.754853295809816,277,269.5467979649039
41.34662195715277,2.2554755734367014,75.82401166499773,24.198199594775847,24,206.43903331200488
62.535381680977125,7.9449701898987275,64.3563021787624,26.65425652307789,4,309.4818596582147
33.05439718013573,11.544503193339487,56.12242633986998,32.255007190656684,152,336.2835203698196
57.947062668729245,11.32251842909574,71.74474424363444,29.397085205687016,259,435.45871876700636
71.6235293098685,7.0858074868274565,70.37275817316271,19.613119615076208,324,386.8632785401086
12.925332498090661,6.795575879276439,100.0,31.882482250097688,357,359.68119883922805
38.046571167942844,8.937548512150048,81.49439738041045,26.565660700065777,168,343.70658504078625
58.6560819077081,6.003229121623417,54.33573748868644,28.43532897929458,176,367.4007063524124
46.95431920935511,8.603583799638931,66.52838993743586,32.33270429639302,310,390.7504058125437
55.56718810056963,9.53216055676938,90.32074943144097,19.442098752432244,291,311.714115422324
40.94022219926269,10.453866447768615,100.0,24.820872106467686,56,423.4610468138187
51.2988468120935,7.799691847040094,51.210250316430624,22.342727243203925,108,310.35901704616776
47.664841469118805,7.592652499646068,46.80113422291433,17.16070287317272,296,265.2387562472444
67.5167309248971,6.244034826486878,100.0,26.733549888024598,324,402.21057189571
53.816312649518196,6.34623929192028,80.84421266056356,37.55778275792212,302,291.55819237293474
55.064039931128036,7.547042216196947,61.9756090218545,15.799611277471236,334,290.94642025035466
43.82184550816299,8.734731013632356,83.01943629183653,24.83859694475265,141,355.6729048961341
42.6859066389126,9.827169252466499,35.463783914746834,28.20271467537387,155,319.8497052548255
43.51162718270569,6.39364209863931,75.05063259895742,25.615391008280906,262,311.8858587776576
55.91678213567445,10.985377137919043,79.91731759264628,24.434359737421296,273,410.80823796853747
43.68523278769605,7.457752797914862,88.86405209306744,18.503918182770878,232,351.76907178456037
54.34662285344619,7.957265411303128,59.791560715611936,26.163933714700818,241,327.1871091879027
81.13101197968157,6.505576641704353,76.28530742105039,21.21618011492037,355,306.21363235974655
63.06687055147539,3.151519479454117,61.11863060910619,14.050391475107233,337,274.0155624436553
45.10964701748238,9.768090792722099,78.83075633511476,30.972961102568654,258,325.6545773876717
68.01820883245918,9.473687794184867,61.56980516455464,29.79192909921021,249,268.31121819068926
43.87886940467673,7.437344885763573,68.87848741259668,25.2583048842554,77,279.4629771924644
19.428131972332192,8.133981434449744,60.062769078146566,26.145373441028514,180,276.32701856489786
34.87870533623894,9.0318784354082,84.76704362735485,30.371590063577806,66,347.44775523681824
21.938121184612164,4.874908286226915,87.87676674984998,26.121698283890414,308,315.06297452010153
44.72729773938037,6.941894645307411,71.48069145063879,29.520087773806573,348,252.58546173274436
50.276275687843274,9.588529359243655,75.57356992440043,23.51258899563075,171,364.18919128637214
75.14655968412924,5.491421153661501,53.27112878049684,31.559918692869733,22,270.20318200100195
54.90391060646244,8.587115864333258,70.50485027989819,26.603928629663418,107,380.5313666792987
46.71349206786704,5.28683639075319,74.24693074437383,25.97025971802937,323,347.25899014525436
62.441083717752335,8.932859964867053,100.0,18.64969455643984,227,455.0073829186196
16.832970364881724,7.9287170354050325,58.320494613387545,26.434779271508543,216,299.83299112745146
53.53421837162849,4.7697363681889815,96.96265858128656,20.840225412527744,69,380.62832530871555
61.562977908304504,10.329478708914342,89.95288160198712,21.808586367357528,84,468.4989498032607
27.821206313302376,6.530816846403901,79.20954606735205,20.923121858419393,103,322.6605916240615
67.15631064810394,6.379495125971238,100.0,19.668825340503876,39,376.87653788106826
55.07744611241621,8.401138394461885,80.58158208910294,35.62385701508481,13,358.4552156811249
43.77068129148798,10.29727469885743,80.83738793501894,31.656695309942016,297,282.36862417649263
59.491727991594274,5.968356362043206,74.20319020473681,34.60183751072131,313,405.67847106357874
84.06039286706593,8.123359699695943,93.35353323627942,18.88552490222218,181,429.0702701246838
52.72799382587743,8.857633000661146,91.44703850716326,25.356268749554463,268,406.44548428354057
53.723308794505044,9.386211214526288,65.6148406875568,18.53246187397952,13,374.6587101139158
43.109586506896335,8.352883110554451,55.211292081018485,21.52152561401468,120,246.87054698408662
37.25233445802812,7.265944321833356,71.95529043906514,20.409365082917127,353,207.49427903152608
62.455037248163684,6.344819558702561,62.99942153403531,31.197920032207808,57,347.78653218442486
37.15874261136699,8.172287766092749,74.04713138076967,23.0188516094912,40,416.46574584959666
51.073493558290885,5.855721976028786,93.56157202026209,30.34189666847008,336,287.4247287723201
42.83513829852325,2.1572990330107853,68.14047517369815,28.02060444794259,128,168.9102088034818
57.18469738619588,8.873119608315335,74.35764928032637,36.51819376052394,173,306.61082282044686
55.00493157930423,9.80786968217239,75.87034102212593,17.60277888430138,35,355.6625873200913
65.56309916386849,3.274135128916323,87.72646323307927,31.296166198933996,259,280.73464391121786
42.349754017178796,5.9805385905801245,41.29665999023092,30.732204352003638,5,270.24540884228463
45.95187597059943,9.238308522010396,65.89949557852054,20.133105809864826,218,334.88742053330776
35.31854426326539,12.114990939423397,78.16925538419208,30.0356666823658,11,324.2838585663179
43.33560109885833,8.041587415350817,93.00118434640292,26.680724815131143,327,374.6045093622679
55.65950739567278,6.543994117541731,67.62146328740693,23.86261870023296,117,360.727889996831
61.35482924968028,7.63420711779032,46.85170940937189,20.880322565140002,184,290.6838918735162
36.167520137335615,10.74975283829637,84.29567168949204,21.40445274275407,362,363.322619785592
63.044088801584905,6.708071641750929,65.46956416761556,35.24906047892963,116,327.7638906721776
70.33456788207427,6.401615986699493,57.155000113644576,25.003414094787413,162,340.4229261822031
56.20152354835551,7.034512955635935,65.63481915430164,28.910650007657296,67,321.0158075128006
78.151937188371,6.0933427834825755,72.23211963516226,21.045503091662233,200,437.6183695239849
38.39316201344641,8.245340631989592,65.92883003192681,21.100735268891807,31,361.132644248003
31.330179450328746,11.24935691693912,41.91650914351396,30.40992404624971,75,248.55813366827653
23.31919626643582,8.646158546232058,88.45599295330697,18.25211894224234,237,324.162555556916
72.44066467233775,7.495292995747425,94.12312561918083,22.923931160473643,327,368.98406721608796
59.81548484531086,7.416377462168912,84.77282987009258,25.17013705536116,66,409.42829782514764
49.16622993634317,4.873618382606686,57.93471494362775,25.556863009200264,70,250.04699159014098
54.1995293947973,9.766219554294318,71.97762699078723,24.10453357491922,297,326.15818843181563
33.11766429052435,7.8443256059743955,74.90218027155812,26.979098905479617,20,374.3879357279985
86.68627969425239,7.639040172818749,83.98191584342865,28.464278779089057,226,402.4724147225256
51.93831772962841,14.38621513568972,85.02510733077122,28.67318772729665,199,472.3269107870517
51.64092191907339,8.597505816731372,63.987393018322564,20.07098095666087,39,393.70127788020346
60.88649935848038,6.496417899809631,76.22993334620341,23.579224510356013,145,291.18252974365254
57.2151384760507,7.147284807588913,81.85920606922862,30.97381430938469,45,344.98587208823324
53.35826036418697,10.29689141839351,96.83733483220149,29.47323593786936,326,431.6587185794375
38.142883168320324,8.22654082107553,85.56759809737085,18.13570274259468,91,312.4990176726428
57.072025357039934,5.123444043365266,86.83585031063278,26.757399501761007,238,353.9275216031289
78.2303674471255,9.838457869150407,76.25739941894041,15.108873753125948,70,440.45648375575814
70.18130069232467,6.663711828922012,96.15688717805256,25.234674510301847,166,310.67938304678734
73.89779939959095,11.74659555243509,81.14644193939246,34.48883508372988,130,406.62199847727925
42.33176485353222,10.160096131429297,62.08368134739644,20.260536413655068,214,291.71096124209237
35.15592769612129,7.1053562086824975,96.05054955187786,20.82838477254209,340,287.5208093113151
48.11319619850528,10.562032723470226,85.46854908808541,28.820148907864297,89,380.32380677616976
50.835873684330416,8.135711021054806,68.35433968307277,17.285992423951768,335,238.91897586868356
66.41287277706422,9.705547350244439,67.80760548901135,21.836224850574805,252,334.3668044650949
24.61303055427771,8.96946563458895,79.44863317711143,27.982205687908763,349,420.723564092935
72.9432547919092,6.307286690018253,81.94777192901377,21.828570761552985,72,422.7087003317621
47.629881521315156,6.712900335365076,77.95938398446809,23.820150063945142,165,288.9608981043566
43.5967839507887,10.059921635162322,79.66963010164328,28.720928551575174,49,430.97916383138715
34.81843437109749,7.330449335786918,100.0,27.107730417682806,52,315.9067756226103
25.17714992201346,7.1927030735160065,91.07314728352328,26.33409198147701,289,282.7520165840222
62.34755875942872,6.0897548413012945,77.85953386897536,23.304388603649805,278,281.482217982693
51.09976950782606,8.847198131186921,89.11965871151224,26.850305576344777,114,390.7140302008996
30.650586503884192,12.12504983848629,59.512141447086904,24.381336599501218,239,384.1381323412158
30.573818419045757,5.864934171491454,80.96890574920214,27.289028049628925,133,247.83048506500788
44.96322951064808,8.048438913345516,100.0,22.51533987441011,274,276.46106190574255
75.0353228793409,10.824441110830858,71.72931156911439,24.087155128102296,166,456.44288690721277
46.10612972954593,7.84071721750857,62.28549107071373,20.05021103723993,293,386.8767408534963
27.45285570322841,8.904743592499468,65.21866667110409,24.82496194996882,243,188.6351436514024
46.313854038710836,5.875212943706241,58.655504439864174,20.944995681855776,320,300.2016494016119
45.90914645378494,8.856614194415297,63.22857137808445,19.429767749190034,138,349.62296873919365
10.0,7.625711469990902,69.44237852114956,26.293305739276942,79,230.48818927998957
49.18557700223282,9.971459991359726,53.91649471232037,26.063698879288303,170,242.91707487026062
46.53598204686983,10.374772103129501,75.23427500924404,28.914368674742864,123,401.064655368187
60.44309547220128,13.179127284037229,88.53415760679971,22.844372152124507,176,448.84464137875983
77.73434142418017,9.15926634642715,61.38365729779619,27.04026423418378,300,359.06202036491885
66.89847544321637,8.651592633164332,97.78925885462652,27.753987861368316,82,386.391725979956
45.96666964167754,8.388768603154672,82.66188132791392,27.223869039157975,87,314.19438580991914
33.40211136887494,7.293667414378623,90.45870878436085,20.871731585989288,225,222.5933869441552
88.60039704874791,8.676967686923382,65.13248169221794,25.746817411355945,16,386.19338210347973
50.888276510217324,7.409197179721941,87.81787840599924,26.820701480273307,310,413.0393579064351
50.20893937869419,8.336921952539228,58.6209914940703,25.03589233453971,358,247.00421357552233
49.638123693349954,10.63519507121592,88.35371251254763,14.567611708144577,163,347.8929914395087
52.971271411517826,5.986914869440717,77.57759009690297,25.8024481198674,98,355.55711996873777
47.834593821140864,10.27975712225809,83.29876829977175,36.06265519698621,156,374.8630328851939
41.39506989679646,10.634230134679731,57.36608091562722,23.199803656215085,2,310.57235902054236
41.79711588139412,7.763862946017842,61.57395236585093,21.359614510723393,350,273.46514124681914
49.50870094676002,3.756290201982811,83.95842327380078,26.86674279855699,169,321.93772745283667
41.84862843299352,6.784356025811135,60.77477993663699,26.561891052332857,315,259.7029161924107
39.30731325984253,10.593989093122218,81.94809438148684,30.96367582708207,325,379.9124888904125
51.596453415378456,7.954263875402236,54.49293290309632,18.71065922045556,92,448.95333581812696
46.17534173868717,6.001395535410179,87.72261319000002,28.65690126287496,181,241.6933127939849
72.55989482874033,6.990450157543565,56.51215027847236,27.952110306257318,231,372.80006998461795
10.235452874104823,9.681240053009105,83.28449906519285,24.28926731529727,301,307.52976107690887
66.37260277883692,9.093467136402758,84.38446400469002,26.69343658960845,148,460.2922407155457
68.69127788746444,7.522135801660611,64.54842272355637,30.147287407991787,280,351.63098363422415
18.89914651387776,7.266351176370625,83.7303985062709,29.361576900142254,189,291.0461208434236
44.85968608879477,7.216483701912356,78.90663395000334,19.284903439631357,347,369.21407085548
44.428387010063126,6.155179631002995,66.91737215710893,29.10079093377742,350,246.51895977877035
28.887324579232683,11.230751378938884,59.871679738856876,24.676556974837407,314,257.7371181061967
38.33274968613687,7.35535906157732,45.56061462491131,25.364370490077576,128,300.3239887044858
33.34136231801257,10.434317041650992,80.2447507094954,25.36598495500847,7,322.330338008019
76.28405665135435,11.042632103844902,51.52795842956917,24.2487850560087,47,409.08059728867124
64.03517589721191,9.996621796295921,76.43016299161962,30.958537485535324,53,378.7410744897853
69.07332642491238,7.136759374563903,71.04827675876626,24.58141020075394,187,234.6578237421495
60.82508096064853,8.80746018067322,85.18714163157293,19.402269358084155,38,385.4605759134514
33.06422343174156,7.951608787218167,70.46931750765204,23.032350720151356,226,321.59591562587514
42.132196005803394,6.192596278539744,70.05828320479363,25.893473584052376,53,288.46036925610804
57.34061841841877,8.648718563443206,85.97806056432444,31.146073921485254,224,227.7794070381441
31.668082866620818,5.641920417680395,80.02587043626177,28.01547342474417,154,357.0641554663342
60.69497645258582,10.375358776923127,79.74233935774167,20.74732360626478,48,422.20751290837956
46.39511902762798,7.070765405403214,82.03901384712789,37.425949583394456,351,305.68747610303683
44.377687886756036,8.402319311745678,51.966418151893414,26.3238765548899,147,263.6871239777958
60.664399523052374,8.566575743092285,86.35183019980472,31.376953689995073,64,401.9096404524585
56.6639496722906,7.482190052591846,84.18703191020404,24.241427832113853,349,438.80861258775604
44.585507512713804,9.17338760295055,59.74975307135254,27.666796223527246,182,266.6576055893317
67.38994705046372,7.050192686754951,71.33879289488698,29.197342522592024,125,424.0230409330965
33.78405008600154,9.742594594914488,74.41039068558553,31.09097355877128,179,332.17808506760474
59.239034104163956,5.308040639506503,72.98254823397401,30.286841526891124,39,276.17189203674246
58.89651886952576,8.252759159092824,80.00789949852802,29.360985000364888,260,453.9247457707287
45.35680341029015,11.87785799811657,96.47050172746775,23.424566344029458,3,455.2631015138947
54.89199533363177,5.999337350788851,91.22650091509243,22.14126979021969,64,412.284492406514
31.233296354220457,6.6445100589502974,55.31671209852891,26.663037551620988,29,254.0717514266906
63.860405288103514,9.02781569931783,84.33104985459073,29.665640361705346,11,351.3176112829231
47.22646795335516,8.359163563879196,94.93399979303115,23.886396496116966,97,397.83080990032556
42.15915469221441,8.701260198547118,80.80212781033804,30.325859828571932,358,390.6511963329195
65.73513838755333,8.978374260295327,91.3647063777895,32.263083727430896,203,365.0436211482851
39.43484464185861,9.26944293712354,100.0,20.418395404632903,21,413.6539478414177
28.873080554546604,10.219399683912446,90.35564319160471,20.815396481018603,39,459.18513821007724
26.650562397141442,8.819637313857026,78.73962893462593,24.298124705473317,223,301.94075819690227
59.0901492701846,7.517484690762915,90.6763271112713,26.538063340945982,102,407.3623505710667
30.793559712555755,9.345147402405463,77.17331749645336,22.377164931164746,46,392.62447912928553
76.32191272976547,11.799763869790432,75.35854564927433,31.76101339433572,66,397.97551146424485
18.771058881744167,7.7347325072348525,69.72878646429402,27.120334307592255,91,296.49236306077216
75.44684552435058,6.050941390658717,98.45120038248163,25.197235241203696,164,438.14551611852386
53.16526200803928,10.214161338573945,62.72357001086998,17.82045238065736,111,349.22952960035985
48.549303321944116,7.759237672092803,97.98551587017174,18.420920917862464,338,424.6128589401
41.826213697865754,3.6546609079719277,82.49796185610558,26.405046251409033,123,271.91741041173003
55.987041715281066,9.694843354300843,54.01040737797088,14.337021869225818,193,319.3843663161698
49.435479463627274,6.9293436280921545,80.51473939487133,30.063187048220357,99,254.53452008042117
66.54952823024783,7.818933435391679,43.49960238522564,24.209230778138398,291,264.6120219402717
51.7134147299306,8.663960661138029,84.38262025246553,40.0,159,282.7998341176962
52.25452642192816,8.380999359558134,88.27847224483486,36.539581253080556,103,325.2862861461529
44.54581681679216,9.41890363427808,66.11466066521919,24.092754653762416,281,349.9584505328446
49.14581564418399,7.129027258860313,76.85321543933374,24.468314987343426,43,261.22676930276117
54.61702653338089,9.026211596352166,100.0,29.97790757001015,84,301.62038832420717
24.347474110150618,7.4809066448321655,67.41379943607095,33.51586304959019,191,215.55632650435481
29.777218668414307,9.477620961775006,59.11638619415099,16.809854712819917,51,351.7067705495466
61.148961410340725,9.230734968026107,97.22495103693899,16.06812267322657,210,450.2195732009548
52.562981571919124,6.129122595910809,100.0,21.889825972228092,126,350.1131037547562
47.24024995470981,10.171964232350064,75.0554350777177,27.91368791586932,69,417.02023527121594
50.2765089959809,6.928073109771904,90.17194553112535,27.484367952537987,265,309.66578504041007
55.21372558042506,9.61611559656229,95.12213873296321,30.34885727491925,258,402.00214928378546
41.90360479535958,8.734574626802681,63.86273651192424,19.001512358173457,188,310.48277303368565
38.32542911896531,11.676367353590244,67.72041246948197,13.419280685155616,230,329.49598254816476
52.93767882646522,7.553068035256295,93.46311769732102,29.290070976510727,189,331.3398816516337
35.32440833577452,7.301366407763605,100.0,20.859018635173825,10,425.6232399164543
56.12379133571708,7.961160788224535,83.44321290261533,14.90756067805681,114,419.112295914019
24.461245936432395,7.3936404343314495,61.802784697469185,25.725318729796907,76,324.3630196423378
65.43733455988465,9.5998838038841,100.0,28.965878441093388,164,435.4065086822419
57.08896223619564,4.767378783126825,67.03543653282053,24.389714339393613,85,231.650488074311
53.840446014708135,5.892635161707291,69.97293328242823,22.710758069087554,49,438.8213547121686
64.74036475918271,5.864394156841614,80.13506751734432,24.203188839270467,326,356.0735079269908
74.98211666693865,9.900615183947151,98.31240631072161,23.147086187996084,177,473.19645861674593
65.21555097527195,11.42122674516385,87.80963964828335,18.259764440299165,218,418.73369591538756
22.386886530025322,7.791101562925057,81.22298250542866,21.426596615047842,189,372.9164352550378
30.806345498964475,7.662356553619979,81.9493279517716,27.606399525069072,346,241.15716308297635
40.62772133456482,8.140104326226362,75.65272002965199,26.6083927068825,230,347.814341085942
50.3913657531625,10.323756605216381,83.37209271777759,25.8402990298341,255,265.0662389156085
57.76488530703685,6.145293731618851,37.05659883458546,20.024257590733104,236,298.9011162412246
39.11384280269802,8.476737965469571,70.55088811395302,24.092484189321663,26,282.18494693671227
52.80150146715617,9.950395259564859,78.61982902375172,14.114674767785726,72,426.7515645618854
38.66925601470016,9.002188339879691,57.73478874570739,25.892383319426948,261,354.08521829128983
40.82723295512078,8.379163233197486,80.7948497671734,32.14428853906784,254,352.4251844068213
28.900083547276665,10.002092185134282,71.93293168520817,17.62933933978947,271,394.96797602918383
36.151501308336435,2.5935354140015257,100.0,22.070361633411224,123,384.1939433846767
29.724730915754996,9.355750639061815,98.59529587822284,26.64553389355065,144,341.2844556945504
35.36190120534001,6.691848633745153,68.01291646322755,31.264213172137417,257,292.91104024589714
65.80462694911759,4.338734206287086,72.73743432649957,22.758876918499254,144,245.14667558695814
35.759016667520854,9.022405199049961,73.89078651587411,21.538748353670517,259,293.281084065305
89.48573097256086,10.747317090325915,68.22510785760566,15.155384287919585,47,524.1185746277556
57.39976851321334,7.725102970744616,77.9253747604219,25.51719064654053,351,314.79801993717734
52.77254185542311,9.905749094405877,63.625768966686145,35.21038020071872,13,231.63660672487237
37.1246332972818,11.22455651597729,58.04076997593711,26.38679230982338,208,411.2386239946675
60.50464819113487,10.629828907168095,84.34066835850403,24.888605104081435,311,414.58329692163295
41.36543260643339,11.279929058742786,84.44294376332716,26.61041155383493,235,405.126003377517
51.83014721968042,9.484254982143785,62.93526360510012,24.94453998025699,149,286.20120117429286
88.40126807403192,8.150867277803185,88.430331461439,20.93492813869935,322,436.6692819223532
48.559101504130254,4.796068376205663,65.52633406252002,29.116399578388528,155,288.3815539525862
67.23909989428513,7.507875023740103,78.79747857056972,26.12880761555877,166,323.9716915421081
39.45235362311169,6.313506809367617,87.30516018918684,25.088066259668288,90,330.66873585155463
49.47517264254557,12.341885434995628,74.49581152944431,20.12316986360875,186,319.1303411426861
76.56200953453265,7.648228375135327,81.82111368211702,31.517539659673794,318,337.7794297945648
40.59549413318349,8.246409613568972,67.25355534168642,28.32351372666555,358,332.2862197018321
77.18672836995393,9.102970752080935,72.05300124857854,22.23539581316349,174,355.9672021838026
60.616279031832136,8.087204892744907,71.91210853679489,30.009124268409685,217,425.75820356488566
41.56299836158598,11.390102080861507,63.80132480189641,22.512145808073964,264,264.6071549038121
59.48611608583281,6.754701276531096,72.34838755326327,21.089982537444815,97,341.99424689847257
64.58831674440094,8.389214910474486,51.7707255170438,21.201484412598564,117,302.69012383693195
59.327149433257944,6.5150588286039035,67.63269379286842,16.144657234559546,199,338.5636867493407
26.446629201643155,5.359954977558589,70.72686759945493,27.35771190209103,320,315.72383217773347
39.09294236262697,6.776461818189429,71.1573037125693,15.84427560830825,21,296.3630375028437
46.287220466727426,7.9259264059031755,71.37753831193832,18.857780843671186,200,318.80830230550947
48.88349856349931,7.1413955509654805,74.07353700209806,14.622059954607334,341,374.14538513143486
59.31008146326017,6.615158040252288,82.19162277129095,24.569651536045534,248,352.148932527741
52.66551501399881,5.187365072656332,88.11775611198783,24.24839769864064,276,342.0209898410654
29.969834619348482,7.83378885474261,65.25352159727599,23.36651893406818,264,235.53630988881844
55.70296776508945,4.990559251937995,56.951987169162834,19.787111526647116,58,305.1235103452736
59.15878617925735,9.520111927379205,59.36933381635345,19.1388312328168,302,398.1403950539108
58.396856718965594,8.164879505869006,67.6919561820761,27.32184931773287,31,265.5863953940431
66.21171088331933,5.084897001070139,69.72118023275236,22.247240341457562,249,289.6017182418611
62.50883231823356,7.381581845900273,63.45005900703814,26.581791607680724,93,241.15672865112032
56.88770118842655,6.495687188818834,55.55825003625158,20.573756569378887,265,326.5324388823817
48.94751432812029,8.63834902083836,68.15818758788717,25.905313713855413,271,379.0787230004956
25.08558599726013,10.680900892046289,77.72139930170957,31.516390186580317,94,313.2605165954292
56.44427328698879,4.249655060708511,83.92544198753347,27.930829001963918,154,272.0453567809787
53.115315307446664,8.230052158294834,66.63865420337518,22.937930908917597,285,275.6246876513891
54.0736825579306,7.679734408866719,68.8050326678485,26.285994851779638,80,320.307088312284
30.84877136269536,9.34268015290093,61.09952536729034,23.796674127348936,292,272.76538465601
33.784151893876064,8.426393256475379,74.52841244437835,25.03940092347364,84,372.57037144957224
65.79729279999356,6.496061336522362,62.27357048713778,23.371944739257483,37,307.44405759956646
49.406672692150174,7.361892128666764,83.596917198618,24.178323970573043,342,356.44170971970277
60.22251046058936,6.407948286393022,48.21200262098833,26.060466765370876,327,251.18235203828488
50.42477564195692,10.152014277197196,69.60555491321307,20.033206502090245,232,322.3309487930709
50.446342092436176,8.042623297343884,79.51661008787613,19.920605865050106,93,356.04834552564614
64.07425708963997,11.802381371506016,77.75751774483757,18.057287230843944,336,425.20529224021243
42.25932907673939,7.878678372370758,100.0,16.99864447748145,102,453.2265134004574
51.44181165411475,6.583186466179074,80.24700036851861,18.913586538897604,166,344.0491639053828
43.06587066942436,4.972571214774346,59.93918104736984,25.797312534020644,159,207.2140361046693
43.482556588515266,4.393720647488109,73.56803629366391,20.53606242254058,14,369.7746668406321
45.36241814797041,4.831728113989021,48.356304998003225,27.56807232115548,225,189.4608322367801
53.33200657450569,8.534253302022966,73.79100376054859,25.17356874376281,73,369.64300255567355
42.818770675047844,9.017450046459867,62.50415914498862,15.157478932809731,249,334.29690458353076
68.83634188360281,4.837618595935734,88.73085413340243,28.274877921108448,91,353.7392686709301
36.580890466707444,9.790076628152232,66.75689588106698,29.05399322795855,216,279.6750990504415
47.196925337579614,7.033877896633121,73.2485112630713,20.030686625825734,90,376.0465686421392
43.40403412588738,8.293586023971098,65.46663237893395,27.10095771447496,29,142.16917266860952
71.704668265306,11.224441256510849,100.0,20.717508812954005,305,510.47241394255735
52.94832164767362,9.793678631731064,70.18135850823133,25.48835188374168,220,300.13154143435685
65.47766809202952,7.4629387041883355,100.0,18.67750796522517,328,430.91121077178445
27.71659440444542,6.217615549169425,87.212276431774,16.034467737327116,215,352.8234776466755
54.00575398803888,3.69636919734139,82.23100091003079,23.085914051935156,221,381.3254517207692
63.34446193435156,6.56169336151516,80.5309972097628,24.381355268625818,42,380.7390119072305
51.23425983913136,7.577739522344611,80.90695947324377,23.01160153192698,135,316.9524403011475
65.98220562598027,6.025640945697632,46.08491130981585,19.0798472088872,42,236.22224949336837
42.24067324849442,7.737486065815391,70.81674908773866,23.000504689344314,164,306.0276968946912
71.1402116027837,8.153703765917536,87.67736956776483,26.34647376290367,361,277.0539014660189
84.48347185428875,7.550288036383843,74.26654224788842,24.775534849387316,283,343.2102827773487
44.55742159340512,6.6999948383530805,53.922152297946376,25.91250515299607,58,270.01133889403275
43.31746217898842,8.337309343933455,74.21393324133795,21.649423997728835,302,293.6330822958604
71.80076715676552,8.883881299138817,100.0,30.858589573580797,322,400.3528778740397
73.69358218596068,5.819201845114308,93.70337573302079,19.119133317226098,25,410.97654269848704
42.15709959270097,10.82186475949254,74.06993985950952,27.437801485433592,73,340.09644518025607
43.69719774356214,7.802823735431477,89.2717391558713,30.90945546479981,129,221.78161503513593
45.773230867092394,8.037699245889696,69.50239469447922,27.40454046374448,87,258.8927477229831
29.833242334485846,9.416428846513114,49.441926197599216,23.98737886467585,330,291.46870436077455
36.220220802737025,8.466432262527004,61.133010178056686,22.358514766685104,153,345.59794353280586
34.93788849871898,9.90627326782649,98.44333152762297,30.18043825523128,182,274.17607781694574
38.483036523438074,8.574248330403648,70.89010377256044,17.885125373691636,125,304.85596045153295
49.47972668919828,6.775125250719125,71.34924030937474,20.14937869810178,67,397.6194554453892
53.51322098804781,8.723007050412203,70.5024270558768,23.01221117254139,6,329.46618191006576
73.25750739221115,5.712547585358676,100.0,31.18826878755999,125,381.8723912229679
35.024689388918134,8.217119411553046,99.38938373043095,26.89883818020448,314,419.9807475699515
64.76483597714875,7.933540018711079,100.0,20.159771207448774,326,391.8244749583179
46.790167336617365,7.583766285454921,72.61432184399924,23.448461473075483,53,316.8702026188914
49.25804435521351,7.742924977122138,79.43436733120643,21.92838427951853,66,356.44806359826737
60.122292382499054,4.236301909004721,52.25036175868813,21.451055038832326,314,360.46455595966654
33.159169676565526,6.902550184518077,97.15401639177412,29.894447792783897,82,363.99903757969963
55.736146192760756,8.18568980228223,57.48330673098097,18.141284353682472,87,344.7579591018664
52.49678312319584,8.3197127839948,78.25163345643944,33.04390427867187,2,319.3958588175259
57.38676896012224,5.944649718148083,58.54046208550734,29.141148450923115,204,308.2249758489657
54.33752965861727,10.531415681729401,66.16699759891956,30.45430835301849,150,372.2765099405435
86.82950209866341,6.267650303570998,62.441063534254496,22.68530243987371,293,293.28805045881944
40.43390023623026,9.938914401053474,65.88187108986273,24.250296404604452,103,369.5842569281002
42.035045674972736,8.85438872374337,66.91315945276531,17.83424092737644,24,348.46243754212264
40.65289210362853,6.707545380312394,66.77596807612385,22.376687964665983,212,301.0165959482468
41.66784321259618,11.550621785219024,87.50000867670461,27.468274238215756,65,346.38872716043056
40.439193090402235,5.6127263364870394,58.4270581040622,31.48031530890698,209,224.8001218904317
67.83524796661328,9.838308347220003,78.308121405208,19.464215915987744,251,348.2524372234313
71.30756371984782,10.001164636085957,93.26938728458337,23.17247031507367,117,384.883447058762
41.438805593757856,6.65875958184671,67.30205453229905,24.24350389883739,116,324.37391259852876
37.51466640343657,10.784930600128657,64.23121663878597,18.021053989037576,237,323.56474864474524
57.07123334579606,7.499906970802094,71.54213062229624,27.956746208792,105,270.83805885181073
41.716654335785435,8.577387258559714,92.69587812541064,21.380048341286955,259,479.05309769065457
59.493977266332664,8.520643677542441,77.91161446430037,24.02304824411488,46,323.8687349053827
53.0438453127695,7.731382517058904,67.03178558088602,22.74025314044061,311,372.72755293116023
27.263838275041522,9.621616546319565,82.2581497678206,21.053307471401627,331,258.0451179161041
73.21257801995093,9.586977441104427,58.46561775245365,24.964775072597227,216,375.45066848647605
76.93816509643283,4.502936053523639,85.22039265664422,23.92195210715989,301,342.98351874075985
40.80816964273421,10.608680485756306,81.12910961552652,23.140710588606673,333,321.8823102189771
44.18447660096024,4.675016023928651,70.38287293291674,21.357691891598286,24,323.6566615200508
54.287980860873574,10.065092408683315,62.421213023291536,26.597623353914777,35,353.24544417944884
55.01685184980538,10.253410273655167,61.69978616574814,33.26808634246142,24,292.1314346312695
59.878164090092454,5.818067139569603,83.02226004518866,25.699436164195635,28,317.7571850892751
80.15306808149525,7.17837142409083,93.43470753733592,29.980591074555644,16,335.1452476144361
47.34579158758926,5.7885906630281285,65.44038379456808,18.048890374232688,59,341.51690969595586
38.02554133192319,7.570157939422529,81.87580055327226,25.78880719646885,243,258.6348295542476
29.31021157978209,7.383931431628517,43.694594720968965,19.513158405144665,207,252.6530937383214
39.036049400871214,9.559321064538679,66.23073404014201,17.615375362340494,271,362.7865259459919
49.503095406893046,10.620617492239216,74.53411600693647,21.30314296270482,249,377.62237274969294
76.91836795276681,10.791367621579912,61.354748745272495,30.959496672067864,267,316.7656707184278
42.235830514457426,6.875663946843396,60.95240437815606,29.750079143348227,193,317.40557713388597
53.35681927458348,7.581556252510945,64.9833066529667,26.215023610272,335,279.7737600070394
49.753656558908716,4.6331236155581,79.38289092489559,17.336497200550347,218,265.7099732918346
67.82589910172126,6.388259867007623,72.19006472390438,24.018596743060314,115,338.759411318622
87.90398638810433,9.929703266194915,41.42653150012542,26.50850004450868,68,383.5204440100667
42.03696840619519,11.231165647096464,43.18949771047401,25.87768114789299,299,246.99234533702014
42.658408362226666,5.531302256240156,65.89702233214237,15.78103208259627,325,341.6607042707527
65.66241315603608,6.815071481694211,81.86529879080328,20.54841075990064,75,349.21339659201834
60.22837234439467,7.947188486082146,33.78742735912148,24.679611179256415,103,247.83980487361077
77.7006098860405,8.560322317639214,67.50404735772554,27.68145454758595,297,298.61391828548346
58.75892277988946,6.3807929601567075,67.10628215223868,14.019360894500268,178,386.9862722377793
44.610618638194104,8.848122088928179,95.82506667312671,24.189380122600706,215,376.8170133205642
58.85982246038464,7.052321305858168,69.22467282430705,25.71524384939476,315,266.12846346238973
66.63055370874362,7.9710954582434415,80.74483477111393,29.248059942581065,39,356.1917577459793
62.30723271796046,9.092568496007399,77.11885710131195,28.464287921187182,259,200.27383508112567
57.609110466609465,8.012844539621875,43.04150280289199,27.912856594044026,204,313.88516509311705
66.00012034383731,7.127228218946863,86.52310824947605,21.00029746649033,7,397.5804548297903
67.5394338566851,7.780780392148339,78.23094758184432,15.459989314383462,49,290.4869743765544
70.7323848655629,7.82327408158933,82.62402959511884,23.034736214692995,26,331.5410965941922
59.73064831384464,7.2599779402357445,100.0,30.0081591260428,161,361.4915713671158
47.493228795247184,7.482407874665795,43.73830590752117,31.96727263762216,357,162.73017788646274
52.20070529649984,11.197294341009433,100.0,28.552745511488926,176,453.1832310046802
68.09763449762535,9.121838895882478,70.68828720899467,27.14670411400867,79,392.8299470807839
37.74596493519146,7.409039363941679,79.30993356604515,26.898198241929826,2,352.91141062439823
55.53009963309352,9.393908809021472,74.31731632048137,22.219406266196096,132,242.29330462149417
44.09991781508959,7.33236102048798,68.63645499902935,24.3496985322319,276,276.3243806185325
50.431172344022265,10.346249275173282,66.45250607641862,33.34534762913165,117,291.8973980027557
69.17677793910948,8.739284384396187,79.94263103359513,20.287209971040618,164,352.5789202014651
52.86648602029855,7.7853957119915425,52.24239454992481,33.07389395354926,288,239.3580293313795
50.69654822234223,8.895433851620556,86.25868751282648,23.38985922753971,28,334.73504783844953
29.60215788530121,4.858247695863001,68.7570839267212,31.62716054547539,333,239.57943665110895
61.193803490408314,5.746465062180389,58.04895991439463,17.96592495251231,1,376.18306854555726
59.68226271711613,5.612149987201889,68.24980713006279,27.929521005823247,188,340.07513211153247
82.4488208495819,8.285886189527414,93.8572382529386,21.31614932026189,56,444.3025591291645
45.38332647570499,11.465029998970184,66.96997369475665,17.923664040379062,35,485.85622978831054
53.287254914959085,12.462600292385265,80.3768042731443,26.092670212054728,112,459.3312389314412
53.74075525566133,9.276102202881514,64.0356558642679,30.047358942979844,286,304.1234796282758
73.66179919645211,9.001688949888914,86.3688277488543,20.775292807032518,310,382.3077548601025
48.57056701419572,4.3978845316945225,85.28261608185306,17.504920197707996,36,424.686525547917
54.185322886555085,6.914652400531956,100.0,24.540776178325224,217,431.9812139383132
59.11844764574809,6.424432496183522,72.36654081751176,24.562823356114095,80,271.9452478059271
52.79913684734537,6.758304803497768,85.0298220713686,27.741598137772492,314,383.0076689968527
43.30349578174208,7.663712362830421,76.47101309308417,29.747972856822443,83,315.77179818042185
52.911349893474615,7.055818844605746,94.43807672794522,24.70292409363753,65,341.6470179315793
66.10447624789659,4.041400379248424,64.21751418586905,34.27751657397131,325,160.21290385212012
34.602270508834096,9.495820512235067,86.17507969315922,26.12117372267646,128,341.1024393690008
51.99454511220314,5.8545139485203865,72.07954055824978,23.267867469965502,307,306.08105659911536
39.4981877759124,8.478493728222299,74.03717734337253,16.94216320448586,22,444.94646672489
67.92569943387264,12.148165339499947,76.3762872667256,23.68670239841916,216,457.8243602714364
27.15219642824338,6.161230816827153,78.78360594640016,23.31806527294432,107,276.6092828158022
41.61617229092617,2.9394249545073405,73.25656435317063,29.80152398140735,109,283.9941844545687
55.658178125967815,7.427991556239778,78.22069774755789,27.31241812033427,357,364.3837950191036
73.4828604385151,10.201919269997141,98.67177086343277,19.103154391836913,181,464.9754313099596
49.01374608390518,11.916694908441187,89.78174528422828,25.86127193205519,356,356.2095350310004
41.67200709960203,5.540900811095167,88.03731888745345,28.357655858645266,164,292.41006614715354
78.21735604160885,8.993398446473044,68.16690710964194,32.640156796939166,68,384.64701587845764
28.27979149375634,7.069379086439893,61.66138757657514,29.437519837070298,292,266.0727220232252
17.017910650698774,7.788103291391729,89.3295083735663,28.80423327155739,180,289.50648503424867
56.60021675079999,13.28868669403407,88.14070188794692,25.30042997307582,181,295.6096956705401
42.46918663471083,4.994059343209694,97.09006013626473,26.941560027117248,169,272.0736772107764
34.681507743039305,8.507479322989147,65.94029061046156,31.247524503530794,22,330.5195086353868
60.6253467094903,8.935386343530867,71.5567701695948,18.33611301260175,66,281.7551849331346
53.65701070656798,10.171572649878694,50.407737562118484,23.25280336391522,21,396.867358409491
41.538820538949075,8.195966306941791,69.1129334090869,21.137156256218795,100,387.39015498428415
30.795434019936582,8.616101079008205,89.94855765869171,26.89576559363062,300,330.1187994531388
63.08685992420217,7.216702865156417,68.00256931157703,31.151110878253938,103,355.44567623769007
59.753017669379915,8.538253882490215,84.60719692801236,22.01512856639463,47,426.4198074037572
48.51236204330926,7.313615449005179,72.14245341003283,13.04847816265281,39,367.80051346881226
77.69955494071499,9.243143779712101,79.86085542332341,22.93889627487765,285,329.1913363507789
33.94872850510771,7.260779327912732,57.78462915276499,29.567368660087034,310,294.2616871151421
27.117122436128916,8.754200787804374,76.27814174450852,27.688149514749398,90,385.57102704618774
39.62137895178133,7.941474372630044,30.13296043648915,27.140931239052883,85,175.26041309767496
49.31620975466753,10.252100501544337,72.19655762757023,23.600033490627602,273,278.72558417221734
53.65009173984038,7.897212552823028,50.5429013442729,18.604846318901068,336,290.7786816319664
46.38145913215505,4.453935063586237,93.08991774820224,27.576471608122336,188,293.95073022430995
55.28083094771445,10.523843001427984,86.66111029146766,20.828590949826875,159,416.84358617957923
31.22690863714334,6.188535398274762,82.00006472949121,35.920483666902285,243,327.5640973897575
71.65646906109889,6.6924673227023606,97.8150934073907,27.85253604177258,73,293.3984335945108
48.76773232411147,6.808677411913016,60.766252187627444,22.096758487230247,49,397.1441990998192
66.75943747382192,10.748876186341635,100.0,21.94307376305686,101,437.86527469113264
55.14088019566556,3.728651572042609,88.98287346390578,24.535278966932058,2,376.2466949734645
56.85129828730676,14.275497067319987,71.4516706917158,23.80249038989125,244,432.5640802231412
58.546509203483055,10.112113618132103,92.03430220774416,30.584168877649773,176,426.92405547897437
56.715628400259725,8.446477828258319,58.40559731382549,25.932080848720233,238,314.3485781659629
59.64084139801316,7.890211998767427,62.632287577084895,21.341841305457358,59,364.980463411829
69.93728795198646,8.571108149715315,65.8711541514045,34.45220342577891,353,324.6538139808752
52.94781754552205,9.042244856758677,67.06533437903977,25.246541657601114,99,313.32107863217374
60.63505636382769,9.290431171900114,59.15163535859621,28.844198379844485,359,218.32481227054177
48.6539645856916,9.111208932006896,93.34624600642988,21.958867462776205,2,350.24963443487775
71.6017582317421,8.179161362510497,71.11718399445253,26.815578138722618,243,347.96998557055366
39.85411546911095,7.605323159385348,80.2875745253532,26.555549955715975,297,274.2025711362591
77.01410649366224,7.697453432692977,66.44472950379479,15.551753539519236,211,344.9050888369782
49.39763074033485,7.610183439294638,47.69095049177224,35.076375552303205,123,344.51360711439327
28.538373468229278,10.26754019373413,79.05086037587134,31.453222304612737,229,355.7697558105833
51.92156622366184,9.187113444561724,46.31617536870335,23.01402341927006,82,299.03996596520784
39.78422513787679,2.1192227306714395,73.97048930871797,19.488651297720722,144,316.0453370205755
62.60965323483086,9.311801553059523,54.47527441750785,26.73780806901776,140,307.2561897312589
40.210640310464136,8.38947238943755,100.0,25.433488497071984,29,397.0463905781806
43.307248501778304,7.962582487108206,88.67044083262083,26.778344742816145,270,363.1739774814886
21.656889035817034,7.222963093822228,76.5863068690722,25.957886980970446,247,260.933618898587
43.21540521126385,10.248225439972027,93.95560016482003,27.53120494652963,12,363.66042032981244
13.64181010056565,9.895052924245716,62.305260338013966,32.23652849695903,355,299.51077050188167
26.24145764771415,6.454244664352782,83.15219068005139,27.840516025643232,337,310.19311475817744
61.40621984216446,8.81410457424907,77.99715650578071,19.751722505450296,106,280.15897708631206
61.787002379762484,6.056686530917428,78.96030122000505,31.81281426356226,32,305.6227320265608
56.38186342677447,5.2407636704221385,94.08530250160152,33.20307281744144,74,305.5781934105421
35.495357853061805,6.74656555082007,85.98738154169703,40.0,171,251.0265509305676
49.2843296578703,9.724786944765517,79.33085494237535,19.38252983380201,337,407.6085987557501
49.945961913641476,9.906250090752174,50.17668845657556,26.214410065751373,69,316.25188889406553
32.624529662111854,9.026170840194586,60.59930557080804,14.589506484055065,301,243.5471110417872
72.55097452650726,9.450191573695994,73.15936599606414,27.765745781896044,362,337.4891303252302
63.16043435863507,9.032356574229917,76.40058561414976,22.258998509166137,137,410.9752753618624
46.68553739255504,6.717036809554095,58.046944129891145,34.617228974124764,100,254.95862474509383
50.40328758491796,8.863845089347882,100.0,21.12692514990709,146,380.5288092629599
53.125742119213285,9.600819050455364,97.74591082880359,16.554084810163694,9,463.6873348474161
19.373976973635642,9.508582659627148,84.03177480588725,22.6436812964874,62,425.4889222509911
46.29233926219105,10.377826742949285,76.08055291925618,15.122561143914313,185,411.0814403774748
39.77023628003302,9.416607694402128,71.81686545148273,28.75549727253655,29,399.8357461010115
34.975699851576266,8.702896415083165,60.72122309966647,14.674584768718397,114,303.13049492812866
45.78349560671067,10.140300476632856,76.16220777778294,25.142287905915794,143,358.75769445801
76.96529790274283,7.9469574815018795,78.86628810214125,14.610940900719015,120,421.8896759444744
59.61264291900515,6.236250697544564,56.37359136777563,23.39851097731679,170,309.7670753609388
41.432315153258045,7.673866072112472,80.01264625867346,33.21689077902267,157,332.0877339503365
58.58874172034238,6.510194710387102,72.67111426762877,26.803239457178975,335,264.9691137953663
